grad_norm,loss,loss_q0,loss_q1,loss_q2,loss_q3,param_norm,rot_mse,rot_mse_q0,rot_mse_q1,rot_mse_q2,rot_mse_q3,samples,step,target_loc,target_loc_q0,target_loc_q1,target_loc_q2,target_loc_q3
9.696090478971406,2.0561575889587402,2.710928524241728,1.573207378387451,1.8453685641288757,1.9717799297400884,453.58434556608887,1.482947826385498,2.000132722013137,1.2750559936870227,1.1950219111009077,1.4707361949341637,64,0,0.5732098817825317,0.7107957855743521,0.2981514160267331,0.6503466455773875,0.5010437087288926
32.97660570339852,3.260251522064209,3.248653781414032,3.1735074771078007,3.2468056051354663,3.6161800622940063,453.5845082751945,1.8127326965332031,1.8167863547801975,1.6339060083815922,1.8518498069361635,2.241633176803589,128,1,1.447519063949585,1.431867415830493,1.5396014616677638,1.3949558327072547,1.3745469053586323
15.013503917857514,3.4491820335388184,3.1572237516704362,4.436379010027104,2.9070854038000107,4.21901706457138,453.5847247240074,2.0555107593536377,1.8533551975300435,2.6467759121548045,1.5844409341613448,2.9197823643684386,192,2,1.3936710357666016,1.3038685645319914,1.789603055878119,1.3226444618776443,1.2992347151041033
30.080439035478552,2.7616095542907715,2.1994136164062903,2.483398948396955,3.7655377308527624,2.7314691729843616,453.5850503519278,1.6262141466140747,1.250610009620064,1.4379530549049377,2.4240098357200623,1.48903913423419,256,3,1.1353955268859863,0.9488035834541446,1.045445946178266,1.3415279249350225,1.2424300254788252
11.036646775256086,2.153759241104126,2.482548093795776,1.6463506162166597,2.39601823530699,1.7467847923437756,453.58531213441444,1.5142170190811157,1.6463071033358574,1.1714576423168186,1.748607259047659,1.2697089612483978,320,4,0.6395421028137207,0.8362409738823772,0.47489293906837704,0.6474109788572316,0.4770758190502723
16.92125238709844,2.4530792236328125,1.8767654508352285,1.7999745777675082,2.7072629470091605,3.3157365918159485,453.5856190732786,1.5268361568450928,1.2008351922035219,1.430764845439366,1.660180926322937,1.8655234358527444,384,5,0.9262429475784302,0.6759302292019128,0.36920972700629917,1.0470820414618802,1.4502131264995444
24.67529949691852,2.419623374938965,2.143943695794968,4.063664481043816,2.2040399779444164,2.219237238168717,453.58582903620976,1.387256383895874,1.2979081358228417,2.3856792002916336,1.2057510692140325,1.2258852322896323,448,6,1.0323671102523804,0.8460355628769669,1.6779853384941816,0.9982889255751736,0.9933519976524017
5.766864936128362,1.8301832675933838,1.5976967662572856,1.483531418773863,2.4875086992979054,1.8005943771670847,453.58597407304904,1.272010087966919,1.2220124440888567,0.9851894279321035,1.585749543138913,1.2360678315162659,512,7,0.5581731200218201,0.3756843178998679,0.4983420192470981,0.9017591451161674,0.5645265366115114
10.000282378295777,2.198452949523926,2.2778139202683056,2.195130132138729,2.304886425242705,1.8713250756263733,453.58615305588796,1.4217495918273926,1.4581894764193783,1.3683760166168213,1.4018080146873697,1.403592343131701,576,8,0.7767034769058228,0.8196244362776202,0.8267541367094965,0.9030784407685346,0.4677327480555202
21.19320524844903,1.8921157121658325,1.9159808055214258,1.9798973619937896,1.990718822730215,1.617101202408473,453.5863608556713,1.3174715042114258,1.3523465965105141,1.214401626586914,1.4884124021781115,1.0658626134196918,640,9,0.5746442079544067,0.5636342080795896,0.7654957197606563,0.5023064290810572,0.5512385588760177
17.14318351409274,1.9046845436096191,2.501989549712131,1.5744685109923866,1.4273370444774627,1.851260009739134,453.5866042680892,1.2340319156646729,1.481722698399895,1.1009472012519839,0.987033897638321,1.2354927625921037,704,10,0.6706527471542358,1.0202668496456584,0.47352131708826434,0.44030314832925793,0.6157672330219713
